chr,start,end,SNPID,phenotype_id
17,25283026,29975846,17:26566523:A:G,seq.13125.45
17,25283026,29975846,17:26604086:A:G,seq.13125.45
17,25283026,29975846,17:26605158:G:T,seq.13125.45
17,25283026,29975846,17:26653007:C:T,seq.13125.45
17,25283026,29975846,17:26686445:A:G,seq.13125.45
17,25283026,29975846,17:26691321:A:G,seq.13125.45
17,25283026,29975846,17:26694296:A:G,seq.13125.45
17,25283026,29975846,17:26694861:A:G,seq.13125.45
17,25283026,29975846,17:26695467:A:G,seq.13125.45
17,25283026,29975846,17:26710570:A:G,seq.13125.45
17,25283026,29975846,17:26715870:A:G,seq.13125.45
17,25283026,29975846,17:26731229:A:T,seq.13125.45
17,25283026,29975846,17:26749941:A:G,seq.13125.45
